Allele,D3S1358,vWA,D16S539,CSF1PO,TPOX,Yindel,D8S1179,D21S11,D18S51,DYS391,D2S441,D19S433,TH01,FGA,D22S1045,D5S818,D13S317,D7S820,SE33,D10S1248,D1S1656,D12S391,D2S1338
2.2,0,0,0,0,0,0,0,0,0,0,0,0,0,0,0,0,0,0,0,0,0,0,0
3,0,0,0,0,0,0,0,0,0,0,0,0,0,0,0,0,0,0,0,0,0,0,0
4,0,0,0,0,0,0,0,0,0,0,0,0,0.00223,0,0,0,0,0,0,0,0,0,0
5,0,0,0,0,0,0,0,0,0,0,0,0,0.00799,0,0,0,0,0,0,0,0,0,0
5.3,0,0,0,0,0,0,0,0,0,0,0,0,0,0,0,0,0,0,0,0,0,0,0
6,0,0,0,0,0,0,0,0,0,0,0,0,0.01375,0,0,0,0,0,0,0,0,0,0
6.2,0,0,0,0,0,0,0,0,0,0,0,0.00005,0,0,0,0,0,0,0,0,0,0,0
6.3,0,0,0,0,0,0,0,0,0,0,0,0,0,0,0,0,0,0,0,0,0,0,0
7,0,0,0,0,0,0,0,0,0,0,0,0,0.01951,0,0,0,0,0,0,0,0,0,0
7.3,0,0,0,0,0,0,0,0,0,0,0,0,0,0,0,0,0,0,0,0,0,0,0
8,0,0,0,0,0,0,0.03152,0,0,0,0,0.00876,0.02527,0,0,0,0,0,0,0,0.02644,0,0
8.3,0,0,0,0,0,0,0,0,0,0,0,0,0.00799,0,0,0,0,0,0,0,0,0,0
9,0,0,0,0,0,0,0,0,0,0,0,0.00876,0.03103,0,0,0,0,0,0,0,0.03559,0,0
9.3,0,0,0,0,0,0,0,0,0,0,0,0,0.01375,0,0,0,0,0,0,0,0,0,0
10,0,0,0,0,0,0,0.04864,0,0,0,0.03342,0.02618,0.03679,0,0,0,0,0,0,0,0.04017,0,0
10.1,0,0,0,0,0,0,0,0,0,0,0,0,0,0,0,0,0,0,0,0,0,0,0
10.3,0,0,0,0,0,0,0,0,0,0,0,0,0.01375,0,0,0,0,0,0,0,0,0,0
11,0,0,0,0,0,0,0.05584,0,0,0,0.05468,0.03489,0.04255,0,0,0,0,0,0,0,0.05389,0,0
11.1,0,0,0,0,0,0,0,0,0,0,0,0.02618,0,0,0,0,0,0,0,0,0,0,0
11.2,0,0,0,0,0,0,0,0,0,0,0,0.0436,0,0,0,0,0,0,0,0,0,0,0
11.3,0,0,0,0,0,0,0,0,0,0,0,0,0,0,0,0,0,0,0,0,0,0,0
12,0,0,0,0,0,0,0.06524,0,0,0,0.06129,0.0436,0.04831,0,0,0,0,0,0,0,0.05847,0,0
12.1,0,0,0,0,0,0,0,0,0,0,0,0.00005,0,0,0,0,0,0,0,0,0,0,0
12.2,0,0,0,0,0,0,0,0,0,0,0,0.05231,0,0,0,0,0,0,0,0,0,0,0
12.3,0,0,0,0,0,0,0,0,0,0,0,0,0,0,0,0,0,0,0,0,0,0,0
13,0,0,0,0,0,0,0.05913,0,0,0,0.04058,0.05231,0,0,0,0,0,0,0.05466,0,0.06304,0,0
13.2,0,0,0,0,0,0,0,0,0,0,0,0.06102,0,0,0,0,0,0,0,0,0,0,0
13.3,0,0,0,0,0,0,0,0,0,0,0,0,0.02527,0,0,0,0,0,0,0,0.05389,0,0
14,0,0,0,0,0,0,0.06564,0,0,0,0.0395,0.06102,0,0,0,0,0,0,0.05775,0,0.07677,0,0
14.2,0,0,0,0,0,0,0,0,0,0,0,0.06973,0,0,0,0,0,0,0,0,0,0,0
14.3,0,0,0,0,0,0,0,0,0,0,0,0,0,0,0,0,0,0,0,0,0.03559,0,0
15,0,0,0,0,0,0,0.07019,0,0,0,0.045,0.06973,0,0,0,0,0,0,0.0657,0,0.08134,0,0
15.1,0,0,0,0,0,0,0,0,0,0,0,0,0,0,0,0,0,0,0,0,0,0,0
15.2,0,0,0,0,0,0,0,0,0,0,0,0.07844,0,0,0,0,0,0,0,0,0,0,0
15.3,0,0,0,0,0,0,0,0,0,0,0,0,0,0,0,0,0,0,0,0,0.04932,0,0
16,0,0,0,0,0,0,0.07451,0,0,0,0.05982,0.07844,0,0,0,0,0,0,0.07151,0,0.09351,0,0.04892
16.1,0,0,0,0,0,0,0,0,0,0,0,0,0,0,0,0,0,0,0,0,0,0,0
16.2,0,0,0,0,0,0,0,0,0,0,0,0.08715,0,0,0,0,0,0,0,0,0,0,0
16.3,0,0,0,0,0,0,0,0,0,0,0,0,0,0,0,0,0,0,0,0,0.05389,0,0
17,0,0,0,0,0,0,0,0,0,0,0,0.08715,0,0,0,0,0,0,0.07849,0,0.09964,0,0.05731
17.1,0,0,0,0,0,0,0,0,0,0,0,0,0,0,0,0,0,0,0,0,0,0,0
17.2,0,0,0,0,0,0,0,0,0,0,0,0.09151,0,0,0,0,0,0,0,0,0,0,0
17.3,0,0,0,0,0,0,0,0,0,0,0,0,0,0,0,0,0,0,0,0,0.06304,0,0
18,0,0,0,0,0,0,0.08698,0,0,0,0,0.09586,0,0,0,0,0,0,0.08581,0,0.10879,0,0.06614
18.1,0,0,0,0,0,0,0,0,0,0,0,0,0,0,0,0,0,0,0,0,0,0,0
18.2,0,0,0,0,0,0,0,0,0,0,0,0.10457,0,0,0,0,0,0,0,0,0,0,0
18.3,0,0,0,0,0,0,0,0,0,0,0,0,0,0,0,0,0,0,0,0,0.07219,0,0
18.4,0,0,0,0,0,0,0,0,0,0,0,0,0,0,0,0,0,0,0,0,0,0,0
19,0,0,0,0,0,0,0,0,0,0,0,0,0,0,0,0,0,0,0.08929,0,0,0,0.06862
19.1,0,0,0,0,0,0,0,0,0,0,0,0,0,0,0,0,0,0,0,0,0,0,0
19.2,0,0,0,0,0,0,0,0,0,0,0,0.11328,0,0,0,0,0,0,0,0,0,0,0
19.3,0,0,0,0,0,0,0,0,0,0,0,0,0,0,0,0,0,0,0,0,0.08134,0,0
19.4,0,0,0,0,0,0,0,0,0,0,0,0,0,0,0,0,0,0,0,0,0,0,0
20,0,0,0,0,0,0,0,0,0,0,0,0,0,0,0,0,0,0,0.09947,0,0,0,0.07423
20.2,0,0,0,0,0,0,0,0,0,0,0,0,0,0,0,0,0,0,0,0,0,0,0
20.3,0,0,0,0,0,0,0,0,0,0,0,0,0,0,0,0,0,0,0,0,0,0,0
21,0,0,0,0,0,0,0,0,0,0,0,0,0,0,0,0,0,0,0.10593,0,0,0,0.08291
21.1,0,0,0,0,0,0,0,0,0,0,0,0,0,0,0,0,0,0,0,0,0,0,0
21.2,0,0,0,0,0,0,0,0,0,0,0,0,0,0,0,0,0,0,0,0,0,0,0
21.3,0,0,0,0,0,0,0,0,0,0,0,0,0,0,0,0,0,0,0,0,0,0,0
22,0,0,0,0,0,0,0,0,0,0,0,0,0,0,0,0,0,0,0,0,0,0,0.06979
22.2,0,0,0,0,0,0,0,0,0,0,0,0,0,0,0,0,0,0,0.06981,0,0,0,0
22.3,0,0,0,0,0,0,0,0,0,0,0,0,0,0,0,0,0,0,0,0,0,0,0
23,0,0,0,0,0,0,0,0,0,0,0,0,0,0,0,0,0,0,0,0,0,0,0.07556
23.2,0,0,0,0,0,0,0,0,0,0,0,0,0,0,0,0,0,0,0.06975,0,0,0,0
24,0,0,0,0,0,0,0,0,0,0,0,0,0,0,0,0,0,0,0,0,0,0,0.08495
24.1,0,0,0,0,0,0,0,0,0,0,0,0,0,0,0,0,0,0,0,0,0,0,0
24.2,0,0,0,0,0,0,0,0,0,0,0,0,0,0,0,0,0,0,0.08019,0,0,0,0
25,0,0,0,0,0,0,0,0,0,0,0,0,0,0,0,0,0,0,0,0,0,0,0.0953
25.2,0,0,0,0,0,0,0,0,0,0,0,0,0,0,0,0,0,0,0.08294,0,0,0,0
26,0,0,0,0,0,0,0,0,0,0,0,0,0,0,0,0,0,0,0,0,0,0,0.10131
26.2,0,0,0,0,0,0,0,0,0,0,0,0,0,0,0,0,0,0,0.08884,0,0,0,0
27,0,0,0,0,0,0,0,0.04241,0,0,0,0,0,0,0,0,0,0,0,0,0,0,0
27.2,0,0,0,0,0,0,0,0,0,0,0,0,0,0,0,0,0,0,0.09311,0,0,0,0
28,0,0,0,0,0,0,0,0.05957,0,0,0,0,0,0,0,0,0,0,0,0,0,0,0
28.2,0,0,0,0,0,0,0,0,0,0,0,0,0,0,0,0,0,0,0.09721,0,0,0,0
28.3,0,0,0,0,0,0,0,0,0,0,0,0,0,0,0,0,0,0,0,0,0,0,0
29,0,0,0,0,0,0,0,0.05909,0,0,0,0,0,0,0,0,0,0,0,0,0,0,0
29.2,0,0,0,0,0,0,0,0,0,0,0,0,0,0,0,0,0,0,0.10606,0,0,0,0
29.3,0,0,0,0,0,0,0,0,0,0,0,0,0,0,0,0,0,0,0,0,0,0,0
30,0,0,0,0,0,0,0,0.07504,0,0,0,0,0,0,0,0,0,0,0,0,0,0,0
30.2,0,0,0,0,0,0,0,0.05746,0,0,0,0,0,0,0,0,0,0,0.11024,0,0,0,0
30.3,0,0,0,0,0,0,0,0,0,0,0,0,0,0,0,0,0,0,0,0,0,0,0
31,0,0,0,0,0,0,0,0.07995,0,0,0,0,0,0,0,0,0,0,0,0,0,0,0
31.2,0,0,0,0,0,0,0,0.06253,0,0,0,0,0,0,0,0,0,0,0.11982,0,0,0,0
32,0,0,0,0,0,0,0,0.08734,0,0,0,0,0,0,0,0,0,0,0,0,0,0,0
32.2,0,0,0,0,0,0,0,0.07836,0,0,0,0,0,0,0,0,0,0,0.11991,0,0,0,0
33,0,0,0,0,0,0,0,0,0,0,0,0,0,0,0,0,0,0,0,0,0,0,0
33.1,0,0,0,0,0,0,0,0,0,0,0,0,0,0,0,0,0,0,0,0,0,0,0
33.2,0,0,0,0,0,0,0,0.08319,0,0,0,0,0,0,0,0,0,0,0,0,0,0,0
